URL,NICKNAME
https://www.airlinequality.com/airline-reviews/ab-aviation,AB Aviation
https://www.airlinequality.com/airline-reviews/adria-airways,Adria Airways
https://www.airlinequality.com/airline-reviews/aegean-airlines,Aegean Airlines
https://www.airlinequality.com/airline-reviews/aer-lingus,Aer Lingus
https://www.airlinequality.com/airline-reviews/aero-vip,Aero VIP
https://www.airlinequality.com/airline-reviews/aerocaribbean,Aerocaribbean
https://www.airlinequality.com/airline-reviews/aeroflot-russian-airlines,Aeroflot Russian Airlines
https://www.airlinequality.com/airline-reviews/aeroitalia,AeroItalia
https://www.airlinequality.com/airline-reviews/aerolineas-argentinas,Aerolineas Argentinas
https://www.airlinequality.com/airline-reviews/aeromar,Aeromar
https://www.airlinequality.com/airline-reviews/aeromexico,Aeromexico
https://www.airlinequality.com/airline-reviews/aerosur,Aerosur
https://www.airlinequality.com/airline-reviews/africa-world-airlines,Africa World Airlines
https://www.airlinequality.com/airline-reviews/afriqiyah-airways,Afriqiyah Airways
https://www.airlinequality.com/airline-reviews/aigle-azur,Aigle Azur
https://www.airlinequality.com/airline-reviews/air-algerie,Air Algerie
https://www.airlinequality.com/airline-reviews/air-antilles,Air Antilles
https://www.airlinequality.com/airline-reviews/air-arabia,Air Arabia
https://www.airlinequality.com/airline-reviews/air-astana,Air Astana
https://www.airlinequality.com/airline-reviews/air-austral,Air Austral
https://www.airlinequality.com/airline-reviews/air-bagan,Air Bagan
https://www.airlinequality.com/airline-reviews/air-belgium,Air Belgium
https://www.airlinequality.com/airline-reviews/air-berlin,Air Berlin
https://www.airlinequality.com/airline-reviews/air-botswana,Air Botswana
https://www.airlinequality.com/airline-reviews/air-burkina,Air Burkina
https://www.airlinequality.com/airline-reviews/air-busan,Air Busan
https://www.airlinequality.com/airline-reviews/air-cairo,Air Cairo
https://www.airlinequality.com/airline-reviews/air-canada,Air Canada
https://www.airlinequality.com/airline-reviews/air-canada-rouge,Air Canada rouge
https://www.airlinequality.com/airline-reviews/air-caraibes,Air Caraibes
https://www.airlinequality.com/airline-reviews/air-china,Air China
https://www.airlinequality.com/airline-reviews/air-corsica,Air Corsica
https://www.airlinequality.com/airline-reviews/air-costa,Air Costa
https://www.airlinequality.com/airline-reviews/air-cote-divoire,Air Cote d'Ivoire
https://www.airlinequality.com/airline-reviews/air-djibouti,Air Djibouti
https://www.airlinequality.com/airline-reviews/air-dolomiti,Air Dolomiti
https://www.airlinequality.com/airline-reviews/air-europa,Air Europa
https://www.airlinequality.com/airline-reviews/air-france,Air France
https://www.airlinequality.com/airline-reviews/air-greenland,Air Greenland
https://www.airlinequality.com/airline-reviews/air-iceland-connect,Air Iceland Connect
https://www.airlinequality.com/airline-reviews/air-india,Air India
https://www.airlinequality.com/airline-reviews/air-india-express,Air India Express
https://www.airlinequality.com/airline-reviews/air-italy,Air Italy
https://www.airlinequality.com/airline-reviews/air-juan,Air Juan
https://www.airlinequality.com/airline-reviews/air-kbz,Air KBZ
https://www.airlinequality.com/airline-reviews/air-koryo,Air Koryo
https://www.airlinequality.com/airline-reviews/air-labrador,Air Labrador
https://www.airlinequality.com/airline-reviews/air-macau,Air Macau
https://www.airlinequality.com/airline-reviews/air-madagascar,Air Madagascar
https://www.airlinequality.com/airline-reviews/air-malawi,Air Malawi
https://www.airlinequality.com/airline-reviews/air-malta,Air Malta
https://www.airlinequality.com/airline-reviews/air-mauritius,Air Mauritius
https://www.airlinequality.com/airline-reviews/air-mediterranee,Air Mediterranee
https://www.airlinequality.com/airline-reviews/air-memphis,Air Memphis
https://www.airlinequality.com/airline-reviews/air-moldova,Air Moldova
https://www.airlinequality.com/airline-reviews/air-montenegro,Air Montenegro
https://www.airlinequality.com/airline-reviews/air-namibia,Air Namibia
https://www.airlinequality.com/airline-reviews/air-new-zealand,Air New Zealand
https://www.airlinequality.com/airline-reviews/air-niugini,Air Niugini
https://www.airlinequality.com/airline-reviews/air-north-yukons-airline,Air North Yukon's Airline
https://www.airlinequality.com/airline-reviews/air-nostrum,Air Nostrum
https://www.airlinequality.com/airline-reviews/air-panama,Air Panama
https://www.airlinequality.com/airline-reviews/air-pegasus,Air Pegasus
https://www.airlinequality.com/airline-reviews/air-premia,Air Premia
https://www.airlinequality.com/airline-reviews/air-rarotonga,Air Rarotonga
https://www.airlinequality.com/airline-reviews/air-senegal,Air Senegal
https://www.airlinequality.com/airline-reviews/air-serbia,Air Serbia
https://www.airlinequality.com/airline-reviews/air-seychelles,Air Seychelles
https://www.airlinequality.com/airline-reviews/air-tahiti-nui,Air Tahiti Nui
https://www.airlinequality.com/airline-reviews/air-tanzania,Air Tanzania
https://www.airlinequality.com/airline-reviews/air-transat,Air Transat
https://www.airlinequality.com/airline-reviews/air-vanuata,Air Vanuatu
https://www.airlinequality.com/airline-reviews/air-zimbabwe,Air Zimbabwe
https://www.airlinequality.com/airline-reviews/airasia,AirAsia
https://www.airlinequality.com/airline-reviews/airasia-india,AirAsia India
https://www.airlinequality.com/airline-reviews/airasia-philippines,AirAsia Philippines
https://www.airlinequality.com/airline-reviews/airasia-x,AirAsia X
https://www.airlinequality.com/airline-reviews/airasia-zest,AirAsia Zest
https://www.airlinequality.com/airline-reviews/airbaltic,airBaltic
https://www.airlinequality.com/airline-reviews/air-blue,airblue
https://www.airlinequality.com/airline-reviews/aircalin,Aircalin
https://www.airlinequality.com/airline-reviews/airconnect,AirConnect
https://www.airlinequality.com/airline-reviews/airdo,AIRDO
https://www.airlinequality.com/airline-reviews/airlink,Airlink
https://www.airlinequality.com/airline-reviews/airnorth,Airnorth
https://www.airlinequality.com/airline-reviews/airswift,AirSWIFT
https://www.airlinequality.com/airline-reviews/ajet,AJet
https://www.airlinequality.com/airline-reviews/akasa-air,Akasa Air
https://www.airlinequality.com/airline-reviews/alaska-airlines,Alaska Airlines
https://www.airlinequality.com/airline-reviews/alitalia,Alitalia
https://www.airlinequality.com/airline-reviews/allegiant-air,Allegiant Air
https://www.airlinequality.com/airline-reviews/alliance-air,Alliance Air
https://www.airlinequality.com/airline-reviews/alliance-airlines,Alliance Airlines
https://www.airlinequality.com/airline-reviews/amaszonas,Amaszonas
https://www.airlinequality.com/airline-reviews/american-airlines,American Airlines
https://www.airlinequality.com/airline-reviews/american-eagle,American Eagle
https://www.airlinequality.com/airline-reviews/ana-all-nippon-airways,ANA All Nippon Airways
https://www.airlinequality.com/airline-reviews/anadolujet,AnadoluJet
https://www.airlinequality.com/airline-reviews/andes-lineas-aereas,Andes Líneas Aéreas
https://www.airlinequality.com/airline-reviews/arajet,Arajet
https://www.airlinequality.com/airline-reviews/ariana-afghan-airlines,Ariana Afghan Airlines
https://www.airlinequality.com/airline-reviews/arik-air,Arik Air
https://www.airlinequality.com/airline-reviews/arkefly,Arkefly
https://www.airlinequality.com/airline-reviews/arkia-israeli,Arkia Israeli Airlines
https://www.airlinequality.com/airline-reviews/armenia-air-company,Armenia Air Company
https://www.airlinequality.com/airline-reviews/armenian-airlines,Armenian Airlines
https://www.airlinequality.com/airline-reviews/asiana-airlines,Asiana Airlines
https://www.airlinequality.com/airline-reviews/asky-airlines,ASKY Airlines
https://www.airlinequality.com/airline-reviews/ata-airlines,ATA Airlines
https://www.airlinequality.com/airline-reviews/atlantic-airways,Atlantic Airways
https://www.airlinequality.com/airline-reviews/atlasjet-airlines,Atlasglobal
https://www.airlinequality.com/airline-reviews/auric-air,Auric Air
https://www.airlinequality.com/airline-reviews/aurigny-air,Aurigny Air
https://www.airlinequality.com/airline-reviews/austrian-airlines,Austrian Airlines
https://www.airlinequality.com/airline-reviews/avelo-airlines,Avelo Airlines
https://www.airlinequality.com/airline-reviews/avianca,Avianca
https://www.airlinequality.com/airline-reviews/avianca-brasil,Avianca Brazil
https://www.airlinequality.com/airline-reviews/aerogal-aerolineas-galapagos,Avianca Ecuador
https://www.airlinequality.com/airline-reviews/avior-airlines,Avior Airlines
https://www.airlinequality.com/airline-reviews/azerbaijan-airlines,Azerbaijan Airlines
https://www.airlinequality.com/airline-reviews/azul-linhas-aereas-brasileiras,Azul Airlines
https://www.airlinequality.com/airline-reviews/azur-air-germany,Azur Air Germany
https://www.airlinequality.com/airline-reviews/ba-cityflyer,BA CityFlyer
https://www.airlinequality.com/airline-reviews/badr-airlines,Badr Airlines
https://www.airlinequality.com/airline-reviews/bahamasair,Bahamasair
https://www.airlinequality.com/airline-reviews/bamboo-airways,Bamboo Airways
https://www.airlinequality.com/airline-reviews/bangkok-airways,Bangkok Airways
https://www.airlinequality.com/airline-reviews/bassaka-air,Bassaka Air
https://www.airlinequality.com/airline-reviews/batik-air,Batik Air
https://www.airlinequality.com/airline-reviews/beijing-capital-airlines,Beijing Capital Airlines
https://www.airlinequality.com/airline-reviews/belavia,Belavia
https://www.airlinequality.com/airline-reviews/berjaya-air,Berjaya Air
https://www.airlinequality.com/airline-reviews/bh-airlines,BH Air
https://www.airlinequality.com/airline-reviews/bhutan-airlines,Bhutan Airlines
https://www.airlinequality.com/airline-reviews/biman-bangladesh,Biman Bangladesh Airlines
https://www.airlinequality.com/airline-reviews/binter-canarias,Binter Canarias
https://www.airlinequality.com/airline-reviews/bluexpress,Blu-express
https://www.airlinequality.com/airline-reviews/blue-air,Blue Air
https://www.airlinequality.com/airline-reviews/blue-islands,Blue Islands
https://www.airlinequality.com/airline-reviews/blue-panorama-airlines,Blue Panorama Airlines
https://www.airlinequality.com/airline-reviews/blue1,Blue1
https://www.airlinequality.com/airline-reviews/bluebird-airways,Bluebird Airways
https://www.airlinequality.com/airline-reviews/bmi-regional,bmi Regional
https://www.airlinequality.com/airline-reviews/boliviana-de-aviacin,Boliviana de Aviacion
https://www.airlinequality.com/airline-reviews/borajet,BoraJet
https://www.airlinequality.com/airline-reviews/boutique-air,Boutique Air
https://www.airlinequality.com/airline-reviews/breeze-airways,Breeze Airways
https://www.airlinequality.com/airline-reviews/british-airways,British Airways
https://www.airlinequality.com/airline-reviews/brussels-airlines,Brussels Airlines
https://www.airlinequality.com/airline-reviews/buddha-air,Buddha Air
https://www.airlinequality.com/airline-reviews/bulgaria-air,Bulgaria Air
https://www.airlinequality.com/airline-reviews/buraq,Buraq Air
https://www.airlinequality.com/airline-reviews/buta-airways,Buta Airways
https://www.airlinequality.com/airline-reviews/camair-co,Camair-Co
https://www.airlinequality.com/airline-reviews/cambodia-airways,Cambodia Airways
https://www.airlinequality.com/airline-reviews/cambodia-angkor-airlines,Cambodia Angkor Air
https://www.airlinequality.com/airline-reviews/cambodia-bayon-airlines,Cambodia Bayon Airlines
https://www.airlinequality.com/airline-reviews/canadian-north,Canadian North
https://www.airlinequality.com/airline-reviews/canaryfly,Canaryfly
https://www.airlinequality.com/airline-reviews/cape-air,Cape Air
https://www.airlinequality.com/airline-reviews/caribbean-airlines,Caribbean Airlines
https://www.airlinequality.com/airline-reviews/carpatair,Carpatair
https://www.airlinequality.com/airline-reviews/cathay-dragon,Cathay Dragon
https://www.airlinequality.com/airline-reviews/cathay-pacific-airways,Cathay Pacific Airways
https://www.airlinequality.com/airline-reviews/cayman-airways,Cayman Airways
https://www.airlinequality.com/airline-reviews/cebu-pacific,Cebu Pacific
https://www.airlinequality.com/airline-reviews/cemair,CemAir
https://www.airlinequality.com/airline-reviews/central-mountain-air,Central Mountain Air
https://www.airlinequality.com/airline-reviews/china-airlines,China Airlines
https://www.airlinequality.com/airline-reviews/china-eastern-airlines,China Eastern Airlines
https://www.airlinequality.com/airline-reviews/china-southern-airlines,China Southern Airlines
https://www.airlinequality.com/airline-reviews/china-united-airlines,China United Airlines
https://www.airlinequality.com/airline-reviews/citilink,Citilink
https://www.airlinequality.com/airline-reviews/cityjet,CityJet
https://www.airlinequality.com/airline-reviews/coastal-aviation,Coastal Aviation
https://www.airlinequality.com/airline-reviews/cobalt,Cobalt
https://www.airlinequality.com/airline-reviews/comair,Comair
https://www.airlinequality.com/airline-reviews/condor-airlines,Condor Airlines
https://www.airlinequality.com/airline-reviews/contour-airlines,Contour Airlines
https://www.airlinequality.com/airline-reviews/conviasa,Conviasa
https://www.airlinequality.com/airline-reviews/copa-airlines,Copa Airlines
https://www.airlinequality.com/airline-reviews/corendon-airlines,Corendon Airlines
https://www.airlinequality.com/airline-reviews/corsair,Corsair
https://www.airlinequality.com/airline-reviews/croatia-airlines,Croatia Airlines
https://www.airlinequality.com/airline-reviews/csa-czech-airlines,CSA Czech Airlines
https://www.airlinequality.com/airline-reviews/cubana-airlines,Cubana Airlines
https://www.airlinequality.com/airline-reviews/cyprus-airways,Cyprus Airways
https://www.airlinequality.com/airline-reviews/danish-air,Danish Air Transport
https://www.airlinequality.com/airline-reviews/darwin,Darwin Airline
https://www.airlinequality.com/airline-reviews/delta-air-lines,Delta Air Lines
https://www.airlinequality.com/airline-reviews/dimonim-air,Dimonim Air
https://www.airlinequality.com/airline-reviews/discover-airlines,Discover Airlines
https://www.airlinequality.com/airline-reviews/dniproavia,Dniproavia
https://www.airlinequality.com/airline-reviews/dragonair,Dragonair
https://www.airlinequality.com/airline-reviews/druk-air,Druk Air
https://www.airlinequality.com/airline-reviews/dynamic-international-airways,Dynamic International Airways
https://www.airlinequality.com/airline-reviews/eastarjet,Eastar Jet
https://www.airlinequality.com/airline-reviews/eastern-airlines,Eastern Airlines
https://www.airlinequality.com/airline-reviews/eastern-airways,Eastern Airways
https://www.airlinequality.com/airline-reviews/easyfly,Easyfly
https://www.airlinequality.com/airline-reviews/easyjet,easyJet
https://www.airlinequality.com/airline-reviews/edelweiss-air,Edelweiss Air
https://www.airlinequality.com/airline-reviews/egyptair,Egyptair
https://www.airlinequality.com/airline-reviews/el-al-israel-airlines,El Al Israel Airlines
https://www.airlinequality.com/airline-reviews/ellinair,Ellinair
https://www.airlinequality.com/airline-reviews/emirates,Emirates
https://www.airlinequality.com/airline-reviews/eritrean-airlines,Eritrean Airlines
https://www.airlinequality.com/airline-reviews/ernest-airlines,Ernest Airlines
https://www.airlinequality.com/airline-reviews/estonian-air,Estonian Air
https://www.airlinequality.com/airline-reviews/eswatini-air,Eswatini Air
https://www.airlinequality.com/airline-reviews/ethiopian-airlines,Ethiopian Airlines
https://www.airlinequality.com/airline-reviews/etihad-airways,Etihad Airways
https://www.airlinequality.com/airline-reviews/euroatlantic-airways,euroAtlantic Airways
https://www.airlinequality.com/airline-reviews/europe-airpost,Europe Airpost
https://www.airlinequality.com/airline-reviews/eurowings,Eurowings
https://www.airlinequality.com/airline-reviews/eva-air,EVA Air
https://www.airlinequality.com/airline-reviews/evelop-airlines,Evelop Airlines
https://www.airlinequality.com/airline-reviews/ewa-air,EWA Air
https://www.airlinequality.com/airline-reviews/era-alaska,Ravn Alaska
https://www.airlinequality.com/airline-reviews/far-eastern,Far Eastern Air Transport
https://www.airlinequality.com/airline-reviews/fastjet,fastjet
https://www.airlinequality.com/airline-reviews/felix-airways,Felix Airways
https://www.airlinequality.com/airline-reviews/fiji-airways,Fiji Airways
https://www.airlinequality.com/airline-reviews/finnair,Finnair
https://www.airlinequality.com/airline-reviews/firefly,Firefly
https://www.airlinequality.com/airline-reviews/flair-airlines,Flair Airlines
https://www.airlinequality.com/airline-reviews/fly540-com,Fly540.com
https://www.airlinequality.com/airline-reviews/flyadeal,flyadeal
https://www.airlinequality.com/airline-reviews/flyarystan,FlyArystan
https://www.airlinequality.com/airline-reviews/flybe,flybe
https://www.airlinequality.com/airline-reviews/flybondi,flybondi
https://www.airlinequality.com/airline-reviews/flydubai,flydubai
https://www.airlinequality.com/airline-reviews/flynas,Flynas
https://www.airlinequality.com/airline-reviews/flyone,FLYONE
https://www.airlinequality.com/airline-reviews/flysafair,FlySafair
https://www.airlinequality.com/airline-reviews/fmi-air,FMI Air
https://www.airlinequality.com/airline-reviews/free-bird,Freebird Airlines
https://www.airlinequality.com/airline-reviews/french-bee,French Bee
https://www.airlinequality.com/airline-reviews/frontier-airlines,Frontier Airlines
https://www.airlinequality.com/airline-reviews/fuji-dream-airlines,Fuji Dream Airlines
https://www.airlinequality.com/airline-reviews/garuda-indonesia,Garuda Indonesia
https://www.airlinequality.com/airline-reviews/georgian-airways,Georgian Airways
https://www.airlinequality.com/airline-reviews/germania-airline,Germania Airline
https://www.airlinequality.com/airline-reviews/germanwings,Germanwings
https://www.airlinequality.com/airline-reviews/go-first,Go First
https://www.airlinequality.com/airline-reviews/goair,GoAir
https://www.airlinequality.com/airline-reviews/gol,Gol Transportes Aéreos
https://www.airlinequality.com/airline-reviews/golden-myanmar-airlines,Golden Myanmar Airlines
https://www.airlinequality.com/airline-reviews/grand-cru-airlines,Grand Cru Airlines
https://www.airlinequality.com/airline-reviews/greater-bay-airlines,Greater Bay Airlines
https://www.airlinequality.com/airline-reviews/gulf-air,Gulf Air
https://www.airlinequality.com/airline-reviews/hainan-airlines,Hainan Airlines
https://www.airlinequality.com/airline-reviews/hawaiian-airlines,Hawaiian Airlines
https://www.airlinequality.com/airline-reviews/helvetic,Helvetic Airways
https://www.airlinequality.com/airline-reviews/henan-airlines,Henan Airlines
https://www.airlinequality.com/airline-reviews/hi-fly,Hi Fly
https://www.airlinequality.com/airline-reviews/himalaya-airlines,Himalaya Airlines
https://www.airlinequality.com/airline-reviews/hisky,HiSky
https://www.airlinequality.com/airline-reviews/hong-kong,HK Express
https://www.airlinequality.com/airline-reviews/hong-kong-airlines,Hong Kong Airlines
https://www.airlinequality.com/airline-reviews/hop,HOP!
https://www.airlinequality.com/airline-reviews/horizon-air,Horizon Air
https://www.airlinequality.com/airline-reviews/hunnu-air,Hunnu Air
https://www.airlinequality.com/airline-reviews/iberia,Iberia
https://www.airlinequality.com/airline-reviews/iberia-express,Iberia Express
https://www.airlinequality.com/airline-reviews/iberojet,Iberojet
https://www.airlinequality.com/airline-reviews/icelandair,Icelandair
https://www.airlinequality.com/airline-reviews/indigo-airlines,IndiGo
https://www.airlinequality.com/airline-reviews/insel-air,Insel Air
https://www.airlinequality.com/airline-reviews/intercaribbean-airways,Intercaribbean Airways
https://www.airlinequality.com/airline-reviews/interjet,Interjet
https://www.airlinequality.com/airline-reviews/intersky,InterSky
https://www.airlinequality.com/airline-reviews/iran-air,Iran Air
https://www.airlinequality.com/airline-reviews/iran-aseman,Iran Aseman Airlines
https://www.airlinequality.com/airline-reviews/iraqi-airways,Iraqi Airways
https://www.airlinequality.com/airline-reviews/island,Island Air
https://www.airlinequality.com/airline-reviews/israir-airlines,Israir Airlines
https://www.airlinequality.com/airline-reviews/ita-airways,ITA Airways
https://www.airlinequality.com/airline-reviews/japan-airlines,Japan Airlines
https://www.airlinequality.com/airline-reviews/jazeera-airways,Jazeera Airways
https://www.airlinequality.com/airline-reviews/jazz,Jazz
https://www.airlinequality.com/airline-reviews/jc-international-airlines,JC International Airlines
https://www.airlinequality.com/airline-reviews/jeju-air,Jeju Air
https://www.airlinequality.com/airline-reviews/jet-airways,Jet Airways
https://www.airlinequality.com/airline-reviews/jet2-com,Jet2.com
https://www.airlinequality.com/airline-reviews/jetairfly,Jetairfly
https://www.airlinequality.com/airline-reviews/jetblue-airways,Jetblue Airways
https://www.airlinequality.com/airline-reviews/jetsmart,JetSmart
https://www.airlinequality.com/airline-reviews/jetstar-airways,Jetstar Airways
https://www.airlinequality.com/airline-reviews/jetstar-asia,Jetstar Asia
https://www.airlinequality.com/airline-reviews/jetstar-japan,Jetstar Japan
https://www.airlinequality.com/airline-reviews/jetstar-pacific,Jetstar Pacific
https://www.airlinequality.com/airline-reviews/jetsuitex,JetsuiteX
https://www.airlinequality.com/airline-reviews/jin-air,Jin Air
https://www.airlinequality.com/airline-reviews/joon,Joon
https://www.airlinequality.com/airline-reviews/jordan-aviation,Jordan Aviation
https://www.airlinequality.com/airline-reviews/juneyao-airlines,Juneyao Air
https://www.airlinequality.com/airline-reviews/kam-air,Kam Air
https://www.airlinequality.com/airline-reviews/kan-air,Kan Air
https://www.airlinequality.com/airline-reviews/karthago-airlines,Karthago Airlines
https://www.airlinequality.com/airline-reviews/kd-air,KD Air
https://www.airlinequality.com/airline-reviews/kenya-airways,Kenya Airways
https://www.airlinequality.com/airline-reviews/kish-air,Kish Airlines
https://www.airlinequality.com/airline-reviews/klm-royal-dutch-airlines,KLM Royal Dutch Airlines
https://www.airlinequality.com/airline-reviews/km-malta-airlines,KM Malta Airlines
https://www.airlinequality.com/airline-reviews/korean-air,Korean Air
https://www.airlinequality.com/airline-reviews/kulula,Kulula
https://www.airlinequality.com/airline-reviews/kuwait-airways,Kuwait Airways
https://www.airlinequality.com/airline-reviews/la-compagnie,La Compagnie
https://www.airlinequality.com/airline-reviews/lam-mozambique-airlines,LAM Mozambique
https://www.airlinequality.com/airline-reviews/lan-airlines,LAN Airlines
https://www.airlinequality.com/airline-reviews/lan-colombia,LAN Colombia
https://www.airlinequality.com/airline-reviews/lan-peru,LAN Peru
https://www.airlinequality.com/airline-reviews/lao-airlines-2,Lao Airlines
https://www.airlinequality.com/airline-reviews/lao-airlines,Lao Skyway
https://www.airlinequality.com/airline-reviews/latam-airlines,LATAM Airlines
https://www.airlinequality.com/airline-reviews/laudamotion,Laudamotion
https://www.airlinequality.com/airline-reviews/lc-peru,LC Perú
https://www.airlinequality.com/airline-reviews/level,Level
https://www.airlinequality.com/airline-reviews/liat,LIAT
https://www.airlinequality.com/airline-reviews/libyan-airlines,Libyan Airlines
https://www.airlinequality.com/airline-reviews/lion-air,Lion Air
https://www.airlinequality.com/airline-reviews/loch-lomond-seaplanes,Loch Lomond Seaplanes
https://www.airlinequality.com/airline-reviews/loganair,Loganair
https://www.airlinequality.com/airline-reviews/lot-polish-airlines,LOT Polish Airlines
https://www.airlinequality.com/airline-reviews/lubeck-air,Lubeck Air
https://www.airlinequality.com/airline-reviews/lucky-air,Lucky Air
https://www.airlinequality.com/airline-reviews/lufthansa,Lufthansa
https://www.airlinequality.com/airline-reviews/luxair,Luxair
https://www.airlinequality.com/airline-reviews/lynx-air,Lynx Air
https://www.airlinequality.com/airline-reviews/mack-air,Mack Air
https://www.airlinequality.com/airline-reviews/madagasikara-airways,Madagasikara Airways
https://www.airlinequality.com/airline-reviews/mahan-air,Mahan Air
https://www.airlinequality.com/airline-reviews/malawian-airlines,Malawian Airlines
https://www.airlinequality.com/airline-reviews/malaysia-airlines,Malaysia Airlines
https://www.airlinequality.com/airline-reviews/maldivian,Maldivian
https://www.airlinequality.com/airline-reviews/malindo-air,Malindo Air
https://www.airlinequality.com/airline-reviews/malm-aviation,Malmo Aviation
https://www.airlinequality.com/airline-reviews/mandarin-airlines,Mandarin Airlines
https://www.airlinequality.com/airline-reviews/mango,Mango Airlines
https://www.airlinequality.com/airline-reviews/mann-yadanarpon-airlines,Mann Yadanarpon Airlines
https://www.airlinequality.com/airline-reviews/manta-air,Manta Air
https://www.airlinequality.com/airline-reviews/martinair,Martinair
https://www.airlinequality.com/airline-reviews/mauritania-airlines,Mauritania Airlines
https://www.airlinequality.com/airline-reviews/maya-island-air,Maya Island Air
https://www.airlinequality.com/airline-reviews/mayair,MAYAir
https://www.airlinequality.com/airline-reviews/mega-maldives-airlines,MEGA Maldives Airlines
https://www.airlinequality.com/airline-reviews/meridiana,Meridiana
https://www.airlinequality.com/airline-reviews/miat-mongolian,MIAT Mongolian Airlines
https://www.airlinequality.com/airline-reviews/mea-middle-east-airlines,Middle East Airlines
https://www.airlinequality.com/airline-reviews/mihin-lanka,Mihin Lanka
https://www.airlinequality.com/airline-reviews/mokulele-airlines,Mokulele Airlines
https://www.airlinequality.com/airline-reviews/moldavian-airlines,Moldavian Airlines
https://www.airlinequality.com/airline-reviews/monarch-airlines,Monarch Airlines
https://www.airlinequality.com/airline-reviews/montenegro-airlines,Montenegro Airlines
https://www.airlinequality.com/airline-reviews/motor-sich-airlines,Motor Sich Airlines
https://www.airlinequality.com/airline-reviews/myanmar-airways,Myanmar Airways
https://www.airlinequality.com/airline-reviews/myanmar-national-airlines,Myanmar National Airlines
https://www.airlinequality.com/airline-reviews/nam-air,NAM Air
https://www.airlinequality.com/airline-reviews/nature-air,Nature Air
https://www.airlinequality.com/airline-reviews/nauru-airlines,Nauru Airlines
https://www.airlinequality.com/airline-reviews/nepal-airlines,Nepal Airlines
https://www.airlinequality.com/airline-reviews/new-pacific-airlines,New Pacific Airlines
https://www.airlinequality.com/airline-reviews/nextjet,NextJet
https://www.airlinequality.com/airline-reviews/niki,NIKI
https://www.airlinequality.com/airline-reviews/nile-air,Nile Air
https://www.airlinequality.com/airline-reviews/nok-air,Nok Air
https://www.airlinequality.com/airline-reviews/nokscoot,NokScoot
https://www.airlinequality.com/airline-reviews/nordavia,Nordavia
https://www.airlinequality.com/airline-reviews/nordic-regional-airlines,Nordic Regional Airlines
https://www.airlinequality.com/airline-reviews/nordica,Nordica
https://www.airlinequality.com/airline-reviews/nordstar,NordStar
https://www.airlinequality.com/airline-reviews/nordwind-airlines,Nordwind Airlines
https://www.airlinequality.com/airline-reviews/norse-atlantic-airways,Norse Atlantic Airways
https://www.airlinequality.com/airline-reviews/norwegian,Norwegian
https://www.airlinequality.com/airline-reviews/nouvelair,Nouvelair
https://www.airlinequality.com/airline-reviews/novair,Novair
https://www.airlinequality.com/airline-reviews/novoair,Novoair
https://www.airlinequality.com/airline-reviews/okay-airways,Okay Airways
https://www.airlinequality.com/airline-reviews/olympic-air,Olympic Air
https://www.airlinequality.com/airline-reviews/oman-air,Oman Air
https://www.airlinequality.com/airline-reviews/omni-air-international,Omni Air International
https://www.airlinequality.com/airline-reviews/onur-air,Onur Air
https://www.airlinequality.com/airline-reviews/openskies,Openskies
https://www.airlinequality.com/airline-reviews/orient-thai,Orient Thai Airlines
https://www.airlinequality.com/airline-reviews/pacific-airlines,Pacific Airlines
https://www.airlinequality.com/airline-reviews/pia-pakistan-international-airlines,Pakistan Intl Airlines
https://www.airlinequality.com/airline-reviews/pal-express,PAL Express
https://www.airlinequality.com/airline-reviews/pan-pacific-airlines,Pan Pacific Airlines
https://www.airlinequality.com/airline-reviews/passaredo-linhas-aereas,Passaredo
https://www.airlinequality.com/airline-reviews/passion-air,Passion Air
https://www.airlinequality.com/airline-reviews/pawa-dominicana,PAWA Dominicana
https://www.airlinequality.com/airline-reviews/peach-aviation,Peach Aviation
https://www.airlinequality.com/airline-reviews/pegasus-airlines,Pegasus Airlines
https://www.airlinequality.com/airline-reviews/pelita-air,Pelita Air
https://www.airlinequality.com/airline-reviews/penair,PenAir
https://www.airlinequality.com/airline-reviews/peruvian-airlines,Peruvian Airlines
https://www.airlinequality.com/airline-reviews/petroleum-air-services,Petroleum Air Services
https://www.airlinequality.com/airline-reviews/philippine-airlines,Philippine Airlines
https://www.airlinequality.com/airline-reviews/phuket-air,Phuket Air
https://www.airlinequality.com/airline-reviews/play,PLAY
https://www.airlinequality.com/airline-reviews/pobeda-airlines,Pobeda Airlines
https://www.airlinequality.com/airline-reviews/porter-airlines,Porter Airlines
https://www.airlinequality.com/airline-reviews/precision,Precision Air
https://www.airlinequality.com/airline-reviews/primera-air,Primera Air
https://www.airlinequality.com/airline-reviews/privilege-style,Privilege Style
https://www.airlinequality.com/airline-reviews/qantas-airways,Qantas Airways
https://www.airlinequality.com/airline-reviews/qantaslink,QantasLink
https://www.airlinequality.com/airline-reviews/qatar-airways,Qatar Airways
https://www.airlinequality.com/airline-reviews/qazaq-air,Qazaq Air
https://www.airlinequality.com/airline-reviews/ravn-alaska,Ravn Alaska
https://www.airlinequality.com/airline-reviews/red-wings-airlines,Red Wings Airlines
https://www.airlinequality.com/airline-reviews/regent-airways,Regent Airways
https://www.airlinequality.com/airline-reviews/regional-express,Regional Express
https://www.airlinequality.com/airline-reviews/rex-airlines,Rex Airlines
https://www.airlinequality.com/airline-reviews/rhein-neckar-air,Rhein-Neckar Air
https://www.airlinequality.com/airline-reviews/rossiya-airlines,Rossiya Airlines
https://www.airlinequality.com/airline-reviews/royal-air-maroc,Royal Air Maroc
https://www.airlinequality.com/airline-reviews/royal-brunei-airlines,Royal Brunei Airlines
https://www.airlinequality.com/airline-reviews/royal-jordanian-airlines,Royal Jordanian Airlines
https://www.airlinequality.com/airline-reviews/rwandair,Rwandair
https://www.airlinequality.com/airline-reviews/ryanair,Ryanair
https://www.airlinequality.com/airline-reviews/s7-siberia-airlines,S7 Siberia Airlines
https://www.airlinequality.com/airline-reviews/sa-express,SA Express
https://www.airlinequality.com/airline-reviews/safarilink,Safarilink
https://www.airlinequality.com/airline-reviews/safi-airways,Safi Airways
https://www.airlinequality.com/airline-reviews/salam-air,Salam Air
https://www.airlinequality.com/airline-reviews/sansa-airlines,Sansa Airlines
https://www.airlinequality.com/airline-reviews/santa-barbara,Santa Barbara Airlines
https://www.airlinequality.com/airline-reviews/sas-scandinavian-airlines,SAS Scandinavian
https://www.airlinequality.com/airline-reviews/sata-air-azores,SATA Air Azores
https://www.airlinequality.com/airline-reviews/sata-internacional,SATA International
https://www.airlinequality.com/airline-reviews/satena,SATENA
https://www.airlinequality.com/airline-reviews/saudi-arabian-airlines,Saudi Arabian Airlines
https://www.airlinequality.com/airline-reviews/scat-airlines,SCAT Airlines
https://www.airlinequality.com/airline-reviews/scoot,Scoot
https://www.airlinequality.com/airline-reviews/seaborne-airlines,Seaborne Airlines
https://www.airlinequality.com/airline-reviews/sereneair,SereneAir
https://www.airlinequality.com/airline-reviews/shaheen-air,Shaheen Air
https://www.airlinequality.com/airline-reviews/shandong-airlines,Shandong Airlines
https://www.airlinequality.com/airline-reviews/shanghai-airlines,Shanghai Airlines
https://www.airlinequality.com/airline-reviews/shenzhen-airlines,Shenzhen Airlines
https://www.airlinequality.com/airline-reviews/sichuan-airlines,Sichuan Airlines
https://www.airlinequality.com/airline-reviews/silkair,SilkAir
https://www.airlinequality.com/airline-reviews/silver-airways,Silver Airways
https://www.airlinequality.com/airline-reviews/singapore-airlines,Singapore Airlines
https://www.airlinequality.com/airline-reviews/sky-airline,Sky Airline
https://www.airlinequality.com/airline-reviews/sky-express-airlines,Sky Express Airlines
https://www.airlinequality.com/airline-reviews/skybus,Skybus
https://www.airlinequality.com/airline-reviews/skymark-airlines,Skymark Airlines
https://www.airlinequality.com/airline-reviews/skytrans-airlines,Skytrans Airlines
https://www.airlinequality.com/airline-reviews/skyup-airlines,SkyUp Airlines
https://www.airlinequality.com/airline-reviews/skywest-airlines,SkyWest Airlines
https://www.airlinequality.com/airline-reviews/skywork-airlines,SkyWork Airlines
https://www.airlinequality.com/airline-reviews/small-planet-airlines-uab,Small Planet Airlines
https://www.airlinequality.com/airline-reviews/smartavia,Smartavia
https://www.airlinequality.com/airline-reviews/smartlynx-airlines,SmartLynx Airlines
https://www.airlinequality.com/airline-reviews/smartwings,SmartWings
https://www.airlinequality.com/airline-reviews/sol-lineas-aereas,Sol Líneas Aéreas
https://www.airlinequality.com/airline-reviews/solomon-airlines,Solomon Airlines
https://www.airlinequality.com/airline-reviews/somon-air,Somon Air
https://www.airlinequality.com/airline-reviews/south-african-airways,South African Airways
https://www.airlinequality.com/airline-reviews/southern-airways-express,Southern Airways Express
https://www.airlinequality.com/airline-reviews/southwest-airlines,Southwest Airlines
https://www.airlinequality.com/airline-reviews/spicejet,SpiceJet
https://www.airlinequality.com/airline-reviews/spirit-airlines,Spirit Airlines
https://www.airlinequality.com/airline-reviews/spring,Spring Airlines
https://www.airlinequality.com/airline-reviews/srilankan-airlines,SriLankan Airlines
https://www.airlinequality.com/airline-reviews/sriwijaya-air,Sriwijaya Air
https://www.airlinequality.com/airline-reviews/star-per,Star Peru
https://www.airlinequality.com/airline-reviews/starflyer,StarFlyer
https://www.airlinequality.com/airline-reviews/starlux-airlines,STARLUX Airlines
https://www.airlinequality.com/airline-reviews/sudan-airways,Sudan Airways
https://www.airlinequality.com/airline-reviews/sun-country-airlines,Sun Country Airlines
https://www.airlinequality.com/airline-reviews/sun-air,Sun-Air
https://www.airlinequality.com/airline-reviews/sun-express,SunExpress
https://www.airlinequality.com/airline-reviews/sunwing-airlines,Sunwing Airlines
https://www.airlinequality.com/airline-reviews/suparna-airlines,Suparna Airlines
https://www.airlinequality.com/airline-reviews/super-air-jet,Super Air Jet
https://www.airlinequality.com/airline-reviews/surinam-airways,Surinam Airways
https://www.airlinequality.com/airline-reviews/svg-air,SVG Air
https://www.airlinequality.com/airline-reviews/swiss-international-air-lines,Swiss Intl Air Lines
https://www.airlinequality.com/airline-reviews/swoop,Swoop
https://www.airlinequality.com/airline-reviews/syrianair,SyrianAir
https://www.airlinequality.com/airline-reviews/tway-air,T'Way Air
https://www.airlinequality.com/airline-reviews/taag-angola-airlines,TAAG Angola Airlines
https://www.airlinequality.com/airline-reviews/taca,TACA Airlines
https://www.airlinequality.com/airline-reviews/taca-regional,TACA Regional
https://www.airlinequality.com/airline-reviews/tacv-cabo,TACV Cabo Verde Airlines
https://www.airlinequality.com/airline-reviews/tag-airlines,TAG Airlines
https://www.airlinequality.com/airline-reviews/tailwind-airlines,Tailwind Airlines
https://www.airlinequality.com/airline-reviews/tajikistan-airlines,Tajik Air
https://www.airlinequality.com/airline-reviews/tam-airlines,TAM Airlines
https://www.airlinequality.com/airline-reviews/tame,TAME
https://www.airlinequality.com/airline-reviews/tame-linea-aerea-del-ecuador,Tame Línea Aérea Del Ecuador
https://www.airlinequality.com/airline-reviews/tap-portugal,TAP Portugal
https://www.airlinequality.com/airline-reviews/tar-aerolineas,TAR Aerolineas
https://www.airlinequality.com/airline-reviews/tarom-romanian-airlines,TAROM Romanian
https://www.airlinequality.com/airline-reviews/thai-airasia,Thai AirAsia
https://www.airlinequality.com/airline-reviews/thai-airways,Thai Airways
https://www.airlinequality.com/airline-reviews/thai-lion-air,Thai Lion Air
https://www.airlinequality.com/airline-reviews/thai-smile-airways,Thai Smile Airways
https://www.airlinequality.com/airline-reviews/thomas-cook-airlines,Thomas Cook Airlines
https://www.airlinequality.com/airline-reviews/thomas-cook-belgium-airlines-customer,Thomas Cook Airlines Belgium
https://www.airlinequality.com/airline-reviews/thomas-cook-airlines-scandinavia,Thomas Cook Airlines Scandinavia
https://www.airlinequality.com/airline-reviews/thomson-airways,Thomson Airways
https://www.airlinequality.com/airline-reviews/tianjin-airlines,Tianjin Airlines
https://www.airlinequality.com/airline-reviews/tibet-airlines,Tibet Airlines
https://www.airlinequality.com/airline-reviews/tigerair,Tigerair
https://www.airlinequality.com/airline-reviews/tigerair-australia,Tigerair Australia
https://www.airlinequality.com/airline-reviews/tigerair-taiwan,Tigerair Taiwan
https://www.airlinequality.com/airline-reviews/titan-airways,Titan Airways
https://www.airlinequality.com/airline-reviews/transaero-airlines,Transaero Airlines
https://www.airlinequality.com/airline-reviews/transasia-airways,TransAsia Airways
https://www.airlinequality.com/airline-reviews/transavia,Transavia
https://www.airlinequality.com/airline-reviews/transnusa,TransNusa
https://www.airlinequality.com/airline-reviews/trigana-air,Trigana Air
https://www.airlinequality.com/airline-reviews/tropic-air-belize,Tropic Air Belize
https://www.airlinequality.com/airline-reviews/tui-airways,TUI Airways
https://www.airlinequality.com/airline-reviews/tuifly,TUIfly
https://www.airlinequality.com/airline-reviews/tuifly-nordic,TUIfly Nordic
https://www.airlinequality.com/airline-reviews/tunisair,Tunisair
https://www.airlinequality.com/airline-reviews/turkish-airlines,Turkish Airlines
https://www.airlinequality.com/airline-reviews/turkmenistan-airlines,Turkmenistan Airlines
https://www.airlinequality.com/airline-reviews/tus-airways,TUS Airways
https://www.airlinequality.com/airline-reviews/uganda-airlines,Uganda Airlines
https://www.airlinequality.com/airline-reviews/ukraine-international-airlines,Ukraine International
https://www.airlinequality.com/airline-reviews/ultra-air,Ultra Air
https://www.airlinequality.com/airline-reviews/united-airlines,United Airlines
https://www.airlinequality.com/airline-reviews/up-by-el-al,UP by El Al
https://www.airlinequality.com/airline-reviews/ural-airlines,Ural Airlines
https://www.airlinequality.com/airline-reviews/us-airways,US Airways
https://www.airlinequality.com/airline-reviews/us-bangla-airlines,US-Bangla Airlines
https://www.airlinequality.com/airline-reviews/utair-aviation,Utair Aviation
https://www.airlinequality.com/airline-reviews/uzbekistan-airways,Uzbekistan Airways
https://www.airlinequality.com/airline-reviews/v-air,V Air
https://www.airlinequality.com/airline-reviews/vanilla-air,Vanilla Air
https://www.airlinequality.com/airline-reviews/viaair,ViaAir
https://www.airlinequality.com/airline-reviews/vietjetair,VietJet Air
https://www.airlinequality.com/airline-reviews/vietnam-airlines,Vietnam Airlines
https://www.airlinequality.com/airline-reviews/virgin-america,Virgin America
https://www.airlinequality.com/airline-reviews/virgin-atlantic-airways,Virgin Atlantic
https://www.airlinequality.com/airline-reviews/virgin-australia,Virgin Australia
https://www.airlinequality.com/airline-reviews/vistara,Vistara
https://www.airlinequality.com/airline-reviews/viva-air,Viva Air
https://www.airlinequality.com/airline-reviews/vivaaerobus,VivaAerobús
https://www.airlinequality.com/airline-reviews/vivacolombia,VivaColombia
https://www.airlinequality.com/airline-reviews/vlm-airlines,VLM Airlines
https://www.airlinequality.com/airline-reviews/volaris,Volaris
https://www.airlinequality.com/airline-reviews/volotea,Volotea
https://www.airlinequality.com/airline-reviews/voyage-air,Voyage Air
https://www.airlinequality.com/airline-reviews/vueling-airlines,Vueling Airlines
https://www.airlinequality.com/airline-reviews/wamos-air,Wamos Air
https://www.airlinequality.com/airline-reviews/westjet,WestJet Airlines
https://www.airlinequality.com/airline-reviews/wideroe,Wideroe
https://www.airlinequality.com/airline-reviews/winair,Winair
https://www.airlinequality.com/airline-reviews/wingo,Wingo
https://www.airlinequality.com/airline-reviews/wings-air,Wings Air
https://www.airlinequality.com/airline-reviews/wizz-air,Wizz Air
https://www.airlinequality.com/airline-reviews/world2fly,World2Fly
https://www.airlinequality.com/airline-reviews/wow-air,WOW air
https://www.airlinequality.com/airline-reviews/xiamen-airlines,Xiamen Airlines
https://www.airlinequality.com/airline-reviews/xl-airways-france,XL Airways France
https://www.airlinequality.com/airline-reviews/yakutia-airlines,Yakutia Airlines
https://www.airlinequality.com/airline-reviews/yangon-airways,Yangon Airways
https://www.airlinequality.com/airline-reviews/yemenia,Yemenia
https://www.airlinequality.com/airline-reviews/yeti-airlines,Yeti Airlines
https://www.airlinequality.com/airline-reviews/zambia-airways,Zambia Airways
https://www.airlinequality.com/airline-reviews/zipair,ZIPAIR
https://www.airlinequality.com/airline-reviews/qatar-airways,Qatar Airways2490 Reviews
https://www.airlinequality.com/airline-reviews/qatar-airways,Read more
https://www.airlinequality.com/airline-reviews/ita-airways,ITA Airways231 Reviews
https://www.airlinequality.com/airline-reviews/ita-airways,Read more
https://www.airlinequality.com/airline-reviews/tap-portugal,TAP Portugal1548 Reviews
https://www.airlinequality.com/airline-reviews/tap-portugal,Read more
