NICKNAME,ACTUAL_NAME
Xi'an,Xi'an Xianyang International Airport
Xiamen,Xiamen Gaoqi International Airport
Xining,Xining Caojiabao Airport
Yangon,Yangon International Airport
Yaounde,Yaoundé Nsimalen International Airport
Yerevan,Zvartnots International Airport
Yichang Sanxia,Yichang Sanxia Airport
Yiwu,Yiwu Airport
Yogyakarta,Adisucipto International Airport
Yuzhno Sakhalinsk,Yuzhno-Sakhalinsk Airport
Zadar,Zadar Airport
Zagreb,Zagreb Franjo Tuđman Airport
Zakynthos,Zakynthos International Airport
Zanzibar,Abeid Amani Karume International Airport
Zaporizhia,Zaporizhia International Airport
Zaragoza,Zaragoza Airport
Zhengzhou,Zhengzhou Xinzheng International Airport
Zhuhai,Zhuhai Jinwan Airport
Zhukovsky International,Zhukovsky International Airport
Zurich,Zurich Airport
Udaipur,Maharana Pratap Airport
Udon Thani,Udon Thani International Airport
Ulaanbaatar,Chinggis Khaan International Airport
University Park,University Park Airport
Urumqi,Ürümqi Diwopu International Airport
Ushuaia,Malvinas Argentinas International Airport
Vadodara,Vadodara Airport
Valencia,Valencia Airport
Valladolid,Valladolid Airport
Vancouver,Vancouver International Airport
Varadero,Juan Gualberto Gómez Airport
Varna,Varna Airport
Venice Marco Polo,Venice Marco Polo Airport
Venice Treviso,Canova Airport
Veracruz,General Heriberto Jara International Airport
Verona,Verona Villafranca Airport
Victoria Falls,Victoria Falls Airport
Victoria Intl,Victoria International Airport
Vienna,Vienna International Airport
Vientiane,Wattay International Airport
Vilanculos,Vilankulo Airport
Vilnius,Vilnius Airport
Visby,Visby Airport
Vladivostok,Vladivostok International Airport
Vnukovo,Vnukovo International Airport
Volgograd,Gumrak Airport
Waco,Waco Regional Airport
Wagga Wagga,Wagga Wagga Airport
Wakkanai,Wakkanai Airport
Walvis Bay,Walvis Bay Airport
Warsaw Chopin,Warsaw Chopin Airport
Warsaw Modlin,Warsaw Modlin Airport
Warsaw-Radom,Radom-Sadków Airport
Washington Dulles,Washington Dulles International Airport
Washington National,Ronald Reagan Washington National Airport
Waterford,Waterford Airport
Weeze,Weeze Airport
Weihai,Weihai Dashuibo Airport
Wellington,Wellington Airport
Wenzhou Longwan,Wenzhou Longwan International Airport
Westchester County,Westchester County Airport
Westerland,Sylt Airport
Wichita,Wichita Dwight D. Eisenhower National Airport
Wick,Wick John O'Groats Airport
Wilson,Woodrow Wilson International Airport
Windhoek,Hosea Kutako International Airport
Winnipeg,Winnipeg James Armstrong Richardson International Airport
Wroclaw,Copernicus Airport Wrocław
Taba,Taba International Airport
Tabriz,Tabriz International Airport
Taipei,Taiwan Taoyuan International Airport
Taipei Songshan,Taipei Songshan Airport
Tallahassee,Tallahassee International Airport
Tallin,Lennart Meri Tallinn Airport
Tampa,Tampa International Airport
Tampere Pirkkala,Tampere-Pirkkala Airport
Tangier Ibn Battouta,Tangier Ibn Battouta Airport
Tashkent,Tashkent International Airport
Taupo,Taupo Airport
Tbilisi,Tbilisi International Airport
Tegucigalpa,Toncontín International Airport
Tehran Imam Khomeini,Tehran Imam Khomeini International Airport
Tehran Mehrabad,Tehran Mehrabad International Airport
Tel Aviv,Ben Gurion Airport
Tenerife,Tenerife South Airport (Reina Sofia)
Terceira,Lajes Field
Thandwe,Thandwe Airport
Thessaloniki,Thessaloniki International Airport "Makedonia"
Tianjin Binhai,Tianjin Binhai International Airport
Tijuana,General Abelardo L. Rodríguez International Airport
Timimoun,Aguenar – Hadj Bey Akhamok Airport
Timisoara,Traian Vuia International Airport
Tirana,Tirana International Airport Nënë Tereza
Tiruchirappalli,Tiruchirappalli International Airport
Tivat,Tivat Airport
Tokyo Haneda,Tokyo Haneda Airport
Tokyo Narita,Narita International Airport
Toluca,Adolfo López Mateos International Airport
Tontouta,La Tontouta International Airport
Toronto City Centre,Billy Bishop Toronto City Airport
Toronto Pearson,Toronto Pearson International Airport
Torp,Sandefjord Airport
Toulon,Toulon-Hyères Airport
Toulouse,Toulouse Blagnac Airport
Tours,Tours Val de Loire Airport
Townsville,Townsville Airport
Trabzon,Trabzon Airport
Trapani-birgi,Vincenzo Florio Airport Trapani-Birgi
Tri-Cities,Tri-Cities Airport
Trieste,Trieste – Friuli Venezia Giulia Airport
Tripoli,Mitiga International Airport
Trivandrum,Trivandrum International Airport
Tromso,Tromsø Airport
Trondheim,Trondheim Airport Værnes
Tucson,Tucson International Airport
Tulsa International,Tulsa International Airport
Tunis Carthage,Tunis–Carthage International Airport
Turin,Turin Airport
Tweed New Haven,Tweed New Haven Regional Airport
Sacramento,Sacramento International Airport
Saint John,Saint John Airport
Sal,Sal Airport
Salalah,Salalah Airport
Salt Lake City,Salt Lake City International Airport
Salvador,Deputado Luís Eduardo Magalhães International Airport
Salzburg,Salzburg Airport
San Andres Island,Gustavo Rojas Pinilla International Airport
San Antonio,San Antonio International Airport
San Diego,San Diego International Airport
San Francisco,San Francisco International Airport
San Jose,Norman Y. Mineta San Jose International Airport
San Jose Intl,Juan Santamaría International Airport
San Juan,Luis Muñoz Marín International Airport
San Luis Potosi,Ponciano Arriaga International Airport
San Sebastian,San Sebastián Airport
Sana'a In't,Sana'a International Airport
Sandakan,Sandakan Airport
Santander,Santander Airport
Santiago De Chile,Comodoro Arturo Merino Benítez International Airport
Santiago de Compostela,Santiago de Compostela Airport
Santiago de Cuba,Antonio Maceo Airport
Santo Domingo,Las Américas International Airport
Santorini,Santorini (Thira) International Airport
Sanya,Sanya Phoenix International Airport
Sao Paulo Congonhas,Congonhas-São Paulo Airport
Sao Paulo Guarulhos,Guarulhos–Governador André Franco Montoro International Airport
São Paulo Viracopos,Viracopos International Airport
Sao Vicente,São Pedro Airport
Sapporo Chitose,New Chitose Airport
Sarajevo,Sarajevo International Airport
Saskatoon,Saskatoon John G. Diefenbaker International Airport
Savannah,Savannah/Hilton Head International Airport
Sawyer,Sawyer International Airport
Sde Dov,Sde Dov Airport
Seattle,Seattle/Tacoma International Airport
Senai,Senai International Airport
Seoul Gimpo,Gimpo International Airport
Seoul Incheon,Incheon International Airport
Seville,Seville Airport
Seychelles,Seychelles International Airport
Shanghai Hongqiao,Shanghai Hongqiao International Airport
Shanghai Pudong,Shanghai Pudong International Airport
Shannon,Shannon Airport
Sharjah,Sharjah International Airport
Sharm El Sheikh,Sharm El Sheikh International Airport
Shenyang,Shenyang Taoxian International Airport
Shenzhen Baoan,Shenzhen Bao'an International Airport
Shirdi,Shirdi Airport
Shreveport,Shreveport Regional Airport
Sialkot International,Sialkot International Airport
Sibiu,Sibiu International Airport
Siem Reap,Siem Reap International Airport
Simara,Simara Airport
Simferopol,Simferopol International Airport
Singapore Changi,Singapore Changi Airport
Singapore Seletar,Seletar Airport
Sioux Falls,Sioux Falls Regional Airport
Sitia,Sitia Public Airport
Skiathos,Skiathos Island National Airport
Skopje,Skopje International Airport
Sligo,Sligo Airport
Sofia,Sofia Airport
South Bend,South Bend International Airport
Southampton,Southampton Airport
Southend,London Southend Airport
Split,Split Airport
Springfield-Branson,Springfield–Branson National Airport
Srinagar,Sheikh ul-Alam International Airport
St Louis,St. Louis Lambert International Airport
St Lucia,Hewanorra International Airport
St Pete-Clearwater,St. Pete–Clearwater International Airport
St Petersburg,Pulkovo Airport
St Thomas,Cyril E. King Airport
St. John's,St. John's International Airport
Stavanger,Stavanger Airport
Stewart,New York Stewart International Airport
Stockholm Arlanda,Stockholm Arlanda Airport
Stockholm Bromma,Stockholm Bromma Airport
Stockholm Vasteras,Stockholm Västerås Airport
Stockholm-skavsta,Stockholm Skavsta Airport
Strasbourg,Strasbourg Airport
Stuttgart,Stuttgart Airport
Subang Kuala Lumpur,Sultan Abdul Aziz Shah Airport
Sukhothai,Sukhothai Airport
Sumburgh,Sumburgh Airport
Sunan Pyongyang,Pyongyang Sunan International Airport
Sunshine Coast,Sunshine Coast Airport
Surabaya Juanda,Juanda International Airport
Surat Thani,Surat Thani Airport
Suva Nausori,Nausori International Airport
Svalbard,Svalbard Airport
Sydney,Sydney Kingsford Smith Airport
Syracuse Hancock,Syracuse Hancock International Airport
Szczecin,Solidarity Szczecin–Goleniów Airport
Qingdao,Qingdao Liuting International Airport
Quebec City,Québec City Jean Lesage International Airport
Queenstown,Queenstown Airport
Quito Mariscal,Quito Mariscal Sucre International Airport
Raipur,Swami Vivekananda Airport
Rajbiraj,Rajbiraj Airport
Raleigh-Durham,Raleigh-Durham International Airport
Rapid City Regional,Rapid City Regional Airport
Raratonga,Rarotonga International Airport
Recife,Recife/Guararapes–Gilberto Freyre International Airport
Redding Municipal,Redding Municipal Airport
Regina,Regina International Airport
Rennes,Rennes–Saint-Jacques Airport
Reno-tahoe,Reno–Tahoe International Airport
Rhodes,Rhodes International Airport
Richmond,Richmond International Airport
Riga,Riga International Airport
Rijeka,Rijeka Airport
Rimini,Federico Fellini International Airport
Rio De Janeiro,Rio de Janeiro–Galeão International Airport
Río Grande,Río Grande Airport
Riyadh,King Khalid International Airport
Roanoke Regional,Roanoke–Blacksburg Regional Airport
Robert L Bradshaw St Kitts,Robert L. Bradshaw International Airport
Rockhampton,Rockhampton Airport
Rodez,Rodez–Aveyron Airport
Rogue Valley Medford,Rogue Valley International–Medford Airport
Roi Et,Roi Et Airport
Roland Garros,Roland Garros Airport
Rome Ciampino,Rome Ciampino Airport
Rome Fiumicino,Leonardo da Vinci–Fiumicino Airport
Rostov Na Donu,Rostov-on-Don Airport
Rotterdam,Rotterdam The Hague Airport
Rovaniemi,Rovaniemi Airport
Rzeszów-Jasionka,Rzeszów–Jasionka Airport
"Paderborn","Paderborn Lippstadt Airport"
"Painushima Ishigaki","New Ishigaki Airport"
"Pakse","Pakse International Airport"
"Palembang","Sultan Mahmud Badaruddin II Airport"
"Palermo","Falcone–Borsellino Airport"
"Palm Beach","Palm Beach International Airport"
"Palm Springs","Palm Springs International Airport"
"Palma de Majorca","Palma de Mallorca Airport"
"Palonegro Intl","Palonegro International Airport"
"Panama Albrook","Marcos A. Gelabert International Airport"
"Panama Tocumen","Tocumen International Airport"
"Papeete","Tahiti Fa'a'ā International Airport"
"Paphos","Paphos International Airport"
"Paramaribo","Johan Adolf Pengel International Airport"
"Paris CDG","Charles de Gaulle Airport"
"Paris Orly","Paris Orly Airport"
"Paro","Paro Airport"
"Paros","Paros National Airport"
"Patna","Jay Prakash Narayan International Airport"
"Pattaya","U-Tapao Rayong-Pattaya International Airport"
"Pau","Pau Pyrénées Airport"
"Penang","Penang International Airport"
"Pensacola","Pensacola International Airport"
"Pereira Matecana Intl","Matecaña International Airport"
"Perpignan","Perpignan–Rivesaltes Airport"
"Perth","Perth Airport"
"Philadelphia","Philadelphia International Airport"
"Phnom Penh","Phnom Penh International Airport"
"Phoenix Sky Harbor","Phoenix Sky Harbor International Airport"
"Phoenix-Mesa Gateway","Phoenix-Mesa Gateway Airport"
"Phu Quoc","Phu Quoc International Airport"
"Phuket","Phuket International Airport"
"Piarco","Piarco International Airport"
"Piedmont Triad","Piedmont Triad International Airport"
"Pisa","Pisa International Airport"
"Pittsburgh","Pittsburgh International Airport"
"Plovdiv","Plovdiv International Airport"
"Plymouth","Plymouth City Airport"
"Podgorica","Podgorica Airport"
"Pointe Noire","Pointe Noire Airport"
"Pointe-à-Pitre","Pointe-à-Pitre International Airport"
"Poitiers","Poitiers–Biard Airport"
"Ponta Delgada","João Paulo II Airport"
"Port Au Prince","Toussaint Louverture International Airport"
"Port Augusta","Port Augusta Airport"
"Port Elizabeth","Port Elizabeth Airport"
"Port Harcourt","Port Harcourt International Airport"
"Port Macquarie","Port Macquarie Airport"
"Port Moresby","Jacksons International Airport"
"Port Vila Bauerfield","Bauerfield International Airport"
"Portland","Portland International Airport"
"Portland International Jetport","Portland International Jetport"
"Porto","Francisco Sá Carneiro Airport"
"Porto Alegre","Salgado Filho International Airport"
"Poznan","Poznań–Ławica Henryk Wieniawski Airport"
"Prague","Václav Havel Airport Prague"
"Preveza","Aktion National Airport"
"Prince Rupert","Prince Rupert Airport"
"Princess Juliana Intl","Princess Juliana International Airport"
"Pristina","Pristina International Airport"
"Providence","T. F. Green Airport"
"Providenciales Intl","Providenciales International Airport"
"Puerto Iguazu","Cataratas del Iguazú International Airport"
"Puerto Maldonado","Padre Aldamiz International Airport"
"Puerto Princesa","Puerto Princesa International Airport"
"Puerto Vallarta","Lic. Gustavo Díaz Ordaz International Airport"
"Pula","Pula Airport"
"Pulau Redang","Redang Airport"
"Pulau Tioman","Tioman Airport"
"Pune","Pune Airport"
"Punta Cana","Punta Cana International Airport"
"Punta Del Este","Capitan Corbeta CA Curbelo International Airport"
"Punta Gorda","Punta Gorda Airport"
Nadi,Nadi International Airport
Nagpur,Dr. Babasaheb Ambedkar International Airport
Nairobi,Jomo Kenyatta International Airport
Nakhchivan,Nakhchivan International Airport
Nakhon Si Thammarat,Nakhon Si Thammarat Airport
Nanchang Changbei,Nanchang Changbei International Airport
Nanning Wuxu,Nanning Wuxu International Airport
Nantes,Nantes Atlantique Airport
Naples,Naples International Airport
Naples Municipal,Naples Municipal Airport
Narrandeera-leeton,Leeton Airport
Nashville,Nashville International Airport
Nassau,Lynden Pindling International Airport
Nauru International,Nauru International Airport
Ndola,Simon Mwansa Kapwepwe International Airport
Nevsehir Kapadokya,Nevşehir Kapadokya Airport
New Orleans,Louis Armstrong New Orleans International Airport
New York JFK,John F. Kennedy International Airport
Newark,Newark Liberty International Airport
Newcastle,Newcastle Airport
Newquay,Newquay Cornwall Airport
Nice,Nice Côte d'Azur Airport
Nimes,Nîmes Alès Camargue Cévennes Airport
Ningbo Lishe,Ningbo Lishe International Airport
Nis Constantine the Great,Constantine the Great Airport
Norfolk,Norfolk International Airport
Norman Manley,Norman Manley International Airport
Norrköping,Norrköping Airport
Norwich,Norwich Airport
Noumea,Nouméa Magenta Airport
Novosibirsk,Tolmachevo Airport
Nuremberg,Nuremberg Airport
Nyaung U,Nyaung U Airport
Oakland,Oakland International Airport
Odessa,Odessa International Airport
Ohrid,Ohrid St. Paul the Apostle Airport
Okinawa Naha,Naha Airport
Oklahoma City,Will Rogers World Airport
Olbia Costa Smeralda,Olbia Costa Smeralda Airport
Omaha,Eppley Airfield
Omsk Tsentralny,Tsentralny Airport
Ontario,Ontario International Airport
Orlando,Orlando International Airport
Orlando Sanford,Orlando Sanford International Airport
Oslo,Oslo Gardermoen Airport
Ostend–Bruges,Ostend–Bruges International Airport
Ostrava,Leoš Janáček Airport Ostrava
Ottawa,Ottawa Macdonald-Cartier International Airport
Ouagadougou,Ouagadougou Airport
Ouani,Ouani Airport
Oulu,Oulu Airport
Outagamie County,Appleton International Airport
Owen Roberts International,Owen Roberts International Airport
Fort-de-France,Martinique Aimé Césaire International Airport
Maastricht Aachen,Maastricht Aachen Airport
Macau,Macau International Airport
Mackay,Mackay Airport
Madrid Barajas,Adolfo Suárez Madrid–Barajas Airport
Madurai,Madurai Airport
Magong,Penghu Airport
Mahon,Menorca Airport
Malabo,Malabo International Airport
Malaga,Málaga Costa del Sol Airport
Male,Male International Airport
Mallam Aminu Kano Intl,Mallam Aminu Kano International Airport
Malmo,Malmö Airport
Malta,Malta International Airport
Manado,Sam Ratulangi International Airport
Managua,Augusto C. Sandino International Airport
Manaus,Eduardo Gomes International Airport
Manchester,Manchester Airport
Manchester–Boston Regional,Manchester–Boston Regional Airport
Mandalay Annisaton,Mandalay Annisaton Airport
Mangalore,Mangalore International Airport
Manila,Ninoy Aquino International Airport
Manuel Crescencio Rejon,Manuel Crescencio Rejón International Airport
Maputo,Maputo International Airport
Maracaibo La Chinita,La Chinita International Airport
Marrakech,Marrakesh Menara Airport
Marsa Alam,Marsa Alam International Airport
Marseille,Marseille Provence Airport
Mashhad,Shahid Hashemi Nejad Airport
Mataveri Intl,Mataveri International Airport
Maun,Maun Airport
Mauritius,Sir Seewoosagur Ramgoolam International Airport
Medan,Kualanamu International Airport
Medellin,José María Córdova International Airport
Medina,Prince Mohammad bin Abdulaziz International Airport
Melbourne (USA),Orlando Melbourne International Airport
Melbourne,Melbourne Airport
Melbourne Avalon,Avalon Airport
Melilla,Melilla Airport
Memmingen,Memmingen Airport
Memphis,Memphis International Airport
Mexico City,Mexico City International Airport
Miami,Miami International Airport
Milan Bergamo,Orio al Serio International Airport
Milan Linate,Milan Linate Airport
Milan Malpensa,Milan Malpensa Airport
Mildura,Mildura Airport
Milwaukee,Milwaukee Mitchell International Airport
Mineralnye Vody,Mineralnye Vody Airport
Minneapolis St Paul,Minneapolis-St Paul International Airport
Minsk National,Minsk National Airport
Miri,Miri Airport
Mobile Regional,Mobile Regional Airport
Mombasa,Moi International Airport
Monastir,Habib Bourguiba International Airport
Monroe Regional,Monroe Regional Airport
Montego Bay,Sangster International Airport
Monterey Regional,Monterey Regional Airport
Monterrey,General Mariano Escobedo International Airport
Montevideo,Carrasco International Airport
Montgomery Regional,Montgomery Regional Airport
Montpellier,Montpellier–Méditerranée Airport
Montréal,Montréal–Pierre Elliott Trudeau International Airport
Moscow Domodedovo,Moscow Domodedovo Airport
Moscow Sheremetyevo,Sheremetyevo International Airport
Muenster-osnabrueck,Münster Osnabrück International Airport
Mumbai,Chhatrapati Shivaji Maharaj International Airport
Munich,Munich Airport
Murcia San Javier,Murcia–San Javier Airport
Muscat Seeb,Muscat International Airport
Muscle Shoals,Northwest Alabama Regional Airport
Mykonos,Mykonos Island National Airport
Myrtle Beach,Myrtle Beach International Airport
Mytilene,Mytilene International Airport
La Guardia,LaGuardia Airport
La Palma,La Palma Airport
La Rochelle,La Rochelle – Île de Ré Airport
Lagos,Murtala Muhammed International Airport
Lahore,Allama Iqbal International Airport
Lamu,Manda Airport
Langkawi,Langkawi International Airport
Lanseria,Lanseria International Airport
Lanzarote Arrecife,Lanzarote Airport
Lanzhou,Lanzhou Zhongchuan International Airport
Laoag,Laoag International Airport
Larnaca,Larnaca International Airport
Las Vegas,McCarran International Airport
Launceston,Launceston Airport
Leeds Bradford,Leeds Bradford Airport
Leh,Kushok Bakula Rimpochee Airport
Leipzig/halle,Leipzig/Halle Airport
Leon Guanajuato,Del Bajío International Airport
Lexington,Blue Grass Airport
Liberia,Daniel Oduber Quirós International Airport
Libreville,Libreville Leon M'ba International Airport
Liege,Liège Airport
Lille,Lille Airport
Lilongwe,Lilongwe International Airport
Lima,Jorge Chávez International Airport
Limoges,Limoges – Bellegarde Airport
Linz,Linz Airport
Lisbon,Lisbon Airport
Lismore,Lismore Airport
Little Rock,Clinton National Airport
Liverpool,Liverpool John Lennon Airport
Livingstone,Harry Mwanga Nkumbula International Airport
Ljubljana,Ljubljana Jože Pučnik Airport
London City,London City Airport
London Gatwick,London Gatwick Airport
London Heathrow,Heathrow Airport
London Stansted,Stansted Airport
Long Beach,Long Beach Airport
Long Island Macarthur,Long Island MacArthur Airport
Los Angeles LAX,Los Angeles International Airport
Louisville,Louisville Muhammad Ali International Airport
Luanda,Quatro de Fevereiro Airport
Luang Prabang,Luang Prabang International Airport
Lucknow,Chaudhary Charan Singh International Airport
Lugano,Lugano Airport
Luleå,Luleå Airport
Lusaka,Kenneth Kaunda International Airport
Luton,London Luton Airport
Luxembourg,Luxembourg Airport
Luxor,Luxor International Airport
Lviv,Lviv Danylo Halytskyi International Airport
Lyon,Lyon–Saint-Exupéry Airport
Kabul,Hamid Karzai International Airport
Kahului Maui,Kahului Airport
Kalamata,Kalamata International Airport
Kalibo,Kalibo International Airport
Kaliningrad,Khrabrovo Airport
Kalmar,Kalmar Airport
Kangerlussuaq,Kangerlussuaq Airport
Kanpur,Kanpur Airport
Kansai International,Kansai International Airport
Kansas City,Kansas City International Airport
Kaohsiung,Kaohsiung International Airport
Karachi,Jinnah International Airport
Karlsruhe,Karlsruhe/Baden-Baden Airport
Kasane,Kasane Airport
Kashgar,Kashgar Airport
Kastellorizo,Kastellorizo Island Public Airport
Kathmandu,Tribhuvan International Airport
Katowice,Katowice Airport
Kaunas,Kaunas Airport
Kayseri Erkilet,Kayseri Erkilet Airport
Kazan,Kazan International Airport
Kefalonia,Kefalonia International Airport
Keflavik,Keflavik International Airport
Kent,Kent International Airport
Kerry,Kerry Airport
Key West Intl,Key West International Airport
Khartoum,Khartoum International Airport
Kiev Borispol,Boryspil International Airport
Kiev Zhulyany,Zhuliany International Airport
Kigali,Kigali International Airport
Kilimanjaro,Kilimanjaro International Airport
King Mswati III Intl,King Mswati III International Airport
Kingston,Norman Manley International Airport
Kinshasa,N'djili Airport
Kirkenes,Kirkenes Airport
Kirkwall,Kirkwall Airport
Kiruna,Kiruna Airport
Kittila,Kittilä Airport
Klagenfurt,Klagenfurt Airport
KLIA Kuala Lumpur,Kuala Lumpur International Airport
Koh Samui,Samui Airport
Kolkata,Netaji Subhas Chandra Bose International Airport
Komatsu,Komatsu Airport
Kona,Kona International Airport
Kos,Kos Island International Airport
Kosice,Košice International Airport
Kota Kinabalu,Kota Kinabalu International Airport
Krabi,Krabi International Airport
Krakow,John Paul II International Airport Kraków-Balice
Krasnodar,Krasnodar International Airport
Kristiansand,Kristiansand Airport
Kualanamu,Kualanamu International Airport
Kuantan,Sultan Haji Ahmad Shah Airport
Kuching,Kuching International Airport
Kunming,Kunming Changshui International Airport
Kutaisi International,Kutaisi International Airport
Kuwait,Kuwait International Airport
Iasi,Iași International Airport
Ibiza,Ibiza Airport
Idaho Falls Regional,Idaho Falls Regional Airport
Iloilo,Iloilo International Airport
Incheon,Incheon International Airport
Indianapolis,Indianapolis International Airport
Innsbruck,Innsbruck Airport
Inverness,Inverness Airport
Ireland West Knock,Ireland West Airport Knock
Irkutsk,Irkutsk International Airport
Islamabad,Islamabad International Airport
Islay,Islay Airport
Isle Of Man,Isle of Man Airport
Istanbul,Istanbul Airport
Istanbul Sabiha Gökçen,Istanbul Sabiha Gökçen International Airport
Ivalo,Ivalo Airport
Izmir,Izmir Adnan Menderes Airport
Jackson Hole,Jackson Hole Airport
Jacksonville,Jacksonville International Airport
Jaipur,Jaipur International Airport
Jakarta,Soekarno-Hatta International Airport
Jakarta Halim,Halim Perdanakusuma Airport
Jammu,Jammu Airport
Janakpur,Janakpur Airport
Jeddah,King Abdulaziz International Airport
Jerez De La Frontera,Jerez Airport
Jersey,Jersey Airport
Jharsuguda,Jharsuguda Airport
Jiamusi,Jiamusi Dongjiao Airport
Jinan Yaoqiang,Jinan Yaoqiang International Airport
Jinzhou,Jinzhou Bay Airport
Johannesburg,O. R. Tambo International Airport
John Wayne,John Wayne Airport
Juba,Juba International Airport
Juliaca,Inca Manco Cápac International Airport
Gary Chicago,Gary/Chicago International Airport
Gdansk,Gdańsk Lech Wałęsa Airport
Geneva,Genève Aéroport
Genova,Genoa Cristoforo Colombo Airport
Gibraltar,Gibraltar International Airport
Gimhae,Busan Gimhae International Airport
Girona,Girona–Costa Brava Airport
Glacier Park,Glacier Park International Airport
Gladstone,Gladstone Airport
Glasgow,Glasgow Airport
Glasgow Prestwick,Glasgow Prestwick Airport
Goa,Goa International Airport
Gold Coast,Gold Coast Airport
Gorontalo Jalaluddin,Jalaluddin Airport
Gothenburg City,Göteborg City Airport
Gothenburg-landvetter,Göteborg Landvetter Airport
Gran Canaria,Gran Canaria Airport
Granada,Federico García Lorca Granada-Jaén Airport
Grand Rapids,Gerald R. Ford International Airport
Graz,Graz Airport
Greater Binghamton,Greater Binghamton Airport
Greater Rochester,Greater Rochester International Airport
Green Bay,Austin Straubel International Airport
Greenville–Spartanburg,Greenville-Spartanburg International Airport
Grenoble,Grenoble Alpes-Isère Airport
Griffith,Griffith Airport
Guadalajara,Guadalajara International Airport
Guangzhou,Guangzhou Baiyun International Airport
Guatemala,La Aurora International Airport
Guayaquil,Jose Joaquin de Olmedo International Airport
Guernsey,Guernsey Airport
Guilin Liangjiang,Guilin Liangjiang International Airport
Gulfport,Gulfport–Biloxi International Airport
Guwahati,Lokpriya Gopinath Bordoloi International Airport
Gwalior,Gwalior Airport
Santa Genoveva,Goiania/Santa Genoveva Airport
Haikou,Haikou Meilan International Airport
Hailar Dongshan,Hulunbuir Hailar Airport
Hakodate,Hakodate Airport
Halifax,Halifax Stanfield International Airport
Hamad Doha,Hamad International Airport
Hamburg,Hamburg Airport
Hamburg Lubek,Lübeck Airport
Hamilton,John C. Munro Hamilton International Airport
Hamilton Island,Hamilton Island Airport
Hancock County-bar Harbor,Hancock County-Bar Harbor Airport
Hangzhou,Hangzhou Xiaoshan International Airport
Hannover,Hannover Airport
Hanoi,Noi Bai International Airport
Harare,Robert Gabriel Mugabe International Airport
Harbin Taiping,Harbin Taiping International Airport
Hargeisa Egal,Hargeisa International Airport
Harrisburg,Harrisburg International Airport
Hartford,Bradley International Airport
Hat Yai,Hat Yai International Airport
Hatay,Hatay Airport
Havana,Jose Marti International Airport
Heho,Heho Airport
Helsinki Vantaa,Helsinki-Vantaa Airport
Heraklion,Heraklion International Airport
Hermosillo,General Ignacio Pesqueira Garcia International Airport
Hewanorra Intl,Hewanorra International Airport
Hilo,Hilo International Airport
Hiroshima,Hiroshima Airport
Ho Chi Minh City,Tan Son Nhat International Airport
Hobart,Hobart International Airport
Holguin,Calixto García Íñiguez Airport
Hong Kong,Hong Kong International Airport
Honiara,Honiara International Airport
Honolulu,Daniel K. Inouye International Airport
Horn Island,Horn Island Airport
Houston Hobby,William P. Hobby Airport
Houston IAH,George Bush Intercontinental Airport
Hua Hin,Hua Hin Airport
Humberside,Humberside Airport
Huntsville,Huntsville International Airport
Hurghada,Hurghada International Airport
Hyderabad,Rajiv Gandhi International Airport
East Midlands,East Midlands Airport
Edinburgh,Edinburgh Airport
Edmonton,Edmonton International Airport
Eilat,Ramon Airport
Eindhoven,Eindhoven Airport
Ekaterinburg Koltsovo,Koltsovo International Airport
El Alto,El Alto International Airport
El Calafate,Comandante Armando Tola International Airport
El Paso,El Paso International Airport
El Salvador Intl,Monsenor Oscar Arnulfo Romero International Airport
Ende,H. Hasan Aroeboesman Airport
Enfidha-hammamet,Enfidha–Hammamet International Airport
Entebbe,Entebbe International Airport
Erbil Intl,Erbil International Airport
Ercan,Ercan International Airport
Exeter,Exeter Airport
Fairbanks,Fairbanks International Airport
Faleolo,Faleolo International Airport
Fargo,Hector International Airport
Faro,Faro Airport
Fayetteville,Northwest Arkansas Regional Airport
Fes-Saïss,Fès–Saïs Airport
Florence,Florence Airport
Forli (bologna),Luigi Ridolfi Airport
Fort Lauderdale,Fort Lauderdale-Hollywood International Airport
Fort Myers,Southwest Florida International Airport
Fort Wayne,Fort Wayne International Airport
Fortaleza,Pinto Martins – Fortaleza International Airport
Foz do Iguacu,Cataratas del Iguazú International Airport
Frankfurt Hahn,Frankfurt-Hahn Airport
Frankfurt Main,Frankfurt Airport
Freetown,Lungi International Airport
Friedrichshafen,Friedrichshafen Airport
Fuerteventura,Fuerteventura Airport
Fukuoka,Fukuoka Airport
Funchal,Madeira Airport
Fuzhou,Fuzhou Changle International Airport
Da Nang,Da Nang International Airport
Dakar,Blaise Diagne International Airport
Dalaman,Dalaman Airport
Dalian,Dalian Zhoushuizi International Airport
Dallas Fort-Worth,Dallas/Fort Worth International Airport
Dallas Love Field,Dallas Love Field Airport
Damascus,Damascus International Airport
Dammam Port,King Fahd International Airport
Dane County Regional,Dane County Regional Airport
Dar Es Salaam,Julius Nyerere International Airport
Darbhanga,Darbhanga Airport
Darwin,Darwin International Airport
Davao,Francisco Bangoy International Airport
Daytona Beach,Daytona Beach International Airport
Deer Lake Regional,Deer Lake Regional Airport
Delhi,Indira Gandhi International Airport
Denizli Cardak,Denizli Çardak Airport
Denpasar Bali,Ngurah Rai International Airport
Denver,Denver International Airport
Derry,City of Derry Airport
Des Moines,Des Moines International Airport
Destin-ft. Walton Beach,Destin-Fort Walton Beach Airport
Detroit,Detroit Metropolitan Wayne County Airport
Dhaka,Shahjalal International Airport
Dili,Presidente Nicolau Lobato International Airport
Dimapur,Dimapur Airport
Dinard,Dinard–Pleurtuit–Saint-Malo Airport
Djibouti Ambouli,Ambouli International Airport
Doha,Hamad International Airport
Doncaster Sheffield,Doncaster Sheffield Airport
Donetsk,Donetsk International Airport
Dortmund,Dortmund Airport
Douala,Douala International Airport
Douglas–Charles,Douglas-Charles Airport
Dresden,Dresden Airport
Dubai,Dubai International Airport
Dubai World Central,Al Maktoum International Airport
Dublin,Dublin Airport
Dubrovnik,Dubrovnik Airport
Dundee,Dundee Airport
Dunedin,Dunedin Airport
Durban,King Shaka International Airport
Durgapur,Kazi Nazrul Islam Airport
Durham/tees Valley,Teesside International Airport
Dushanbe,Dushanbe International Airport
Dusseldorf,Düsseldorf Airport
Cagliari,Cagliari Elmas Airport
Cairns,Cairns Airport
Cairo,Cairo International Airport
Calcutta,Netaji Subhas Chandra Bose International Airport
Calgary,Calgary International Airport
Calicut Intl,Calicut International Airport
Camiguin,Camiguin Airport
Canberra,Canberra Airport
Cancun,Cancun International Airport
Cape Town,Cape Town International Airport
Caracas,Simón Bolívar International Airport
Carcassonne,Carcassonne Airport
Cardiff,Cardiff Airport
Cartagena Rafael Nunez,Rafael Núñez International Airport
Casablanca,Mohammed V International Airport
Cascais,Cascais Municipal Aerodrome
Catania,Catania Fontanarossa Airport
Caticlan Boracay,Godofredo P. Ramos Airport
Cayenne,Cayenne – Félix Eboué Airport
Cebu,Mactan–Cebu International Airport
Centrair Nagoya,Chubu Centrair International Airport
Central Nebraska Regional,Central Nebraska Regional Airport
Chambery,Chambéry Airport
Chandigarh,Chandigarh Airport
Changsha Huanghua,Changsha Huanghua International Airport
Changzhou,Changzhou Benniu Airport
Chania,Chania International Airport
Charlotte,Charlotte Douglas International Airport
Chattanooga Metropolitan,Chattanooga Metropolitan Airport
Chengdu,Chengdu Shuangliu International Airport
Chennai,Chennai International Airport
Chiang Mai,Chiang Mai International Airport
Chiang Rai,Chiang Rai International Airport
Chicago Midway,Chicago Midway International Airport
Chicago O'Hare,Chicago O'Hare International Airport
Chisinau,Chișinău International Airport
Chittagong Shah Amanat,Shah Amanat International Airport
Chongqing Jiangbei,Chongqing Jiangbei International Airport
Christchurch,Christchurch International Airport
Christmas Island,Christmas Island Airport
Cibao,Cibao International Airport
Cincinnati,Cincinnati/Northern Kentucky International Airport
Ciudad Juarez,Abraham González International Airport
Clark,Clark International Airport
Cleveland,Cleveland Hopkins International Airport
Cluj-napoca,Cluj International Airport
Cochabamba,Jorge Wilstermann International Airport
Cochin,Cochin International Airport
Coffs Harbour,Coffs Harbour Airport
Coimbatore,Coimbatore International Airport
College Station,Easterwood Airport
Cologne/bonn,Cologne Bonn Airport
Colombo,Bandaranaike International Airport
Colorado Springs,City of Colorado Springs Municipal Airport
Columbia Metropolitan,Columbia Metropolitan Airport
Columbus,John Glenn Columbus International Airport
Conakry,Conakry International Airport
Cooma-snowy Mountains,Cooma–Snowy Mountains Airport
Copenhagen,Copenhagen Airport
Cordoba Intl,Ingeniero Aeronáutico Ambrosio L.V. Taravella International Airport
Corfu,Corfu International Airport
Cork,Cork Airport
Corpus Christi,Corpus Christi International Airport
Cotonou,Cadjehoun Airport
Coventry,Coventry Airport
Craiova Intl,Craiova International Airport
Crown Point Tobago,Arthur Napoleon Raymond Robinson International Airport
Cúcuta,Camilo Daza International Airport
Cuiaba,Marechal Rondon International Airport
Curacao,Curaçao International Airport
Cusco,Alejandro Velasco Astete International Airport
Aalborg,Aalborg
Aarhus,Aarhus
Abbotsford Intl,Abbotsford International
Aberdeen,Aberdeen
Abidjan,Abidjan
Abu Dhabi,Abu Dhabi
Abuja,Abuja
Acapulco,Acapulco
Accra Kotoka,Kotoka International Airport
Adana,Adana
Addis Ababa,Addis Ababa
Adelaide,Adelaide
Agadir,Agadir
Agadir Al Massira,Al Massira
Aguadilla,Aguadilla
Aguascalientes,Aguascalientes
Ahmedabad,Ahmedabad
Ajaccio,Ajaccio
Akita,Akita
Akron–Canton,Akron–Canton
Al Ain,Al Ain
Al Ula,Al Ula
Albany,Albany International Airport	
Albuquerque,Albuquerque
Albury,Albury
Alderney,Alderney
Alexandria Intl,Alexandria International
Alghero Fertilia,Alghero Fertilia
Algiers,Algiers
Alicante,Alicante
Alice Springs,Alice Springs
Almaty,Almaty
Almeria,Almeria
Alor Setar,Alor Setar
Altenburg,Altenburg
Amarillo,Amarillo
Amman Queen Alia,Queen Alia International Airport
Amritsar,Amritsar
Amsterdam Schiphol,Amsterdam Schiphol
Anchorage,Anchorage
Ancona,Ancona
Ankara,Ankara
Antalya,Antalya
Antananarivo,Antananarivo
Antigua Vc Bird,V.C. Bird International Airport
Antwerp Deurne,Antwerp Deurne
Arkhangelsk,Arkhangelsk
Aruba Reina Beatrix,Queen Beatrix International Airport
Ashgabat,Ashgabat
Aspen Pitkin County,Aspen Pitkin County
Astana,Astana
Asturias,Asturias
Asuncion Silvio Pettirossi,Silvio Pettirossi International Airport
Athens,Athens
Atlanta Hartsfield,Hartsfield-Jackson Atlanta International Airport
Auckland,Auckland
Austin,Bergstrom International Airport
Avignon,Avignon
Ayers Rock,Ayers Rock
"Bacau","George Enescu International Airport"
"Bacolod–Silay","Bacolod-Silay Airport"
"Bagdogra","Bagdogra Airport"
"Baghdad","Baghdad International Airport"
"Bahrain","Bahrain International Airport"
"Baku","Heydar Aliyev International Airport"
"Ballina Byron","Ballina Byron Gateway Airport"
"Baltimore Washington","Baltimore/Washington International Thurgood Marshall Airport"
"Bandar Seri Begawan","Brunei International Airport"
"Bandung","Husein Sastranegara International Airport"
"Baneasa","Aurel Vlaicu International Airport"
"Bangalore","Kempegowda International Airport"
"Bangkok Don Muang","Don Mueang International Airport"
"Bangkok Suvarnabhumi","Suvarnabhumi Airport"
"Bangor","Bangor International Airport"
"Banjarmasin","Syamsudin Noor Airport"
"Banjul","Banjul International Airport"
"Barbados Grantley Adams","Grantley Adams International Airport"
"Barcelona","Barcelona-El Prat Airport"
"Bari Palese","Bari Karol Wojtyla Airport"
"Barnaul","Barnaul Airport"
"Barra Eoligarry","Barra Airport"
"Basel Mulhouse","EuroAirport Basel-Mulhouse-Freiburg"
"Batumi","Batumi International Airport"
"Bay Of Islands (kerikeri)","Bay Of Islands Airport"
"Beauvais","Beauvais-Tille Airport"
"Beijing Capital","Beijing Capital International Airport"
"Beijing Daxing","Beijing Daxing International Airport"
"Beirut","Beirut-Rafic Hariri International Airport"
"Belem","Val de Cans International Airport"
"Belfast","Belfast International Airport"
"Belfast City","George Best Belfast City Airport"
"Belgrade","Belgrade Nikola Tesla Airport"
"Belize","Philip S. W. Goldson International Airport"
"Bellingham","Bellingham International Airport"
"Belo Horizonte Confins","Tancredo Neves International Airport"
"Benghazi","Benina International Airport"
"Bengkulu","Fatmawati Soekarno Airport"
"Bergen","Bergen Airport"
"Bergerac","Bergerac Dordogne Perigord Airport"
"Berlin Brandenburg","Berlin Brandenburg Airport"
"Berlin Schonefeld","Berlin Schonefeld Airport"
"Berlin Tegel","Berlin Tegel Airport"
"Berlin Tempelhof","Berlin Tempelhof Airport"
"Bermuda","L.F. Wade International Airport"
"Berne","Bern Airport"
"Bharatpur","Bharatpur Airport"
"Bhopal","Raja Bhoj Airport"
"Bhubaneswar","Biju Patnaik International Airport"
"Biarritz","Biarritz Pays Basque Airport"
"Bilbao","Bilbao Airport"
"Billund","Billund Airport"
"Biratnagar","Biratnagar Airport"
"Birmingham","Birmingham Airport"
"Birmingham-Shuttlesworth","Birmingham-Shuttlesworth International Airport"
"Birsa Munda","Birsa Munda Airport"
"Bishkek","Manas International Airport"
"Bismarck","Bismarck Municipal Airport"
"Bissau","Osvaldo Vieira International Airport"
"Blackpool","Blackpool International Airport"
"Blantyre","Chileka International Airport"
"Bloemfontein","Bram Fischer International Airport"
"Bloomington","Central Illinois Regional Airport"
"Boa Vista","Boa Vista International Airport"
"Bocas Del Toro","Bocas Del Toro International Airport"
"Bodrum","Milas-Bodrum Airport"
"Bogota","El Dorado International Airport"
"Bohol-Panglao","Bohol-Panglao International Airport"
"Boise","Boise Airport"
"Bologna Marconi","Bologna Guglielmo Marconi Airport"
"Bonriki International","Bonriki International Airport"
"Bordeaux","Bordeaux-Merignac Airport"
"Borg El Arab","Borg El Arab Airport"
"Boston Logan","Logan International Airport"
"Bourgas","Burgas Airport"
"Bournemouth","Bournemouth Airport"
"Bozeman Yellowstone","Bozeman Yellowstone International Airport"
"Bradley","Bradley International Airport"
"Braganca","Braganca Airport"
"Brasilia","Presidente Juscelino Kubitschek International Airport"
"Bratislava","M. R. Stefanik Airport"
"Bremen","Bremen Airport"
"Brescia","Brescia Airport"
"Brindisi","Brindisi Airport"
"Brisbane","Brisbane Airport"
"Bristol","Bristol Airport"
"Brno","Brno-Turany Airport"
"Broken Hill","Broken Hill Airport"
"Broome","Broome International Airport"
"Brussels Charleroi","Brussels South Charleroi Airport"
"Brussels Zaventem","Brussels Airport"
"Bucharest Otopeni","Henri Coanda International Airport"
"Budapest Ferihegy","Budapest Ferenc Liszt International Airport"
"Buenos Aires Aeroparque","Jorge Newbery Airfield"
"Buenos Aires","Ministro Pistarini International Airport"
"Buffalo","Buffalo Niagara International Airport"
"Bujumbura","Bujumbura International Airport"
"Burbank Glendale Pasadena","Hollywood Burbank Airport"
"Burgas","Burgas Airport"
"Burlington","Burlington International Airport"
"Burnie Wynyard","Burnie Wynyard Airport"
"Bydgoszcz","Bydgoszcz Ignacy Jan Paderewski Airport"